CUST_Cluster,CUST_Group,CHURN_Rank_KM
6,1,1.0000000
8,2,0.5000000
1,3,0.3913043
5,4,0.3333333
3,5,0.2962963
7,6,0.2133333
10,7,0.1578947
9,8,0.1363636
4,9,0.1224490
2,10,0.0000000
